timestamp,experiment_id,event_index,expected_byte_length,status
1785306083.385074,baseline_lenmix_v1,0,64,passed
1785306083.408119,baseline_lenmix_v1,1,128,passed
1785306083.431361,baseline_lenmix_v1,2,256,passed
1785306083.454248,baseline_lenmix_v1,3,512,passed
1785306083.478166,baseline_lenmix_v1,4,1024,passed
1785306083.500939,baseline_lenmix_v1,5,64,passed
1785306083.523681,baseline_lenmix_v1,6,128,passed
1785306083.547027,baseline_lenmix_v1,7,256,passed
1785306083.570356,baseline_lenmix_v1,8,512,passed
1785306083.593666,baseline_lenmix_v1,9,1024,passed
1785306083.617157,baseline_lenmix_v1,10,64,passed
1785306083.639726,baseline_lenmix_v1,11,128,passed
1785306083.664976,baseline_lenmix_v1,12,256,passed
1785306083.687249,baseline_lenmix_v1,13,512,passed
1785306083.710622,baseline_lenmix_v1,14,1024,passed
1785306083.733639,baseline_lenmix_v1,15,64,passed
1785306083.757062,baseline_lenmix_v1,16,128,passed
1785306083.780221,baseline_lenmix_v1,17,256,passed
1785306083.802952,baseline_lenmix_v1,18,512,passed
1785306083.826298,baseline_lenmix_v1,19,1024,passed
1785306083.849930,baseline_lenmix_v1,20,64,passed
1785306083.872672,baseline_lenmix_v1,21,128,passed
1785306083.896768,baseline_lenmix_v1,22,256,passed
1785306083.919723,baseline_lenmix_v1,23,512,passed
1785306083.943227,baseline_lenmix_v1,24,1024,passed
1785306083.968125,baseline_lenmix_v1,25,64,passed
1785306083.991214,baseline_lenmix_v1,26,128,passed
1785306084.014589,baseline_lenmix_v1,27,256,passed
1785306084.037516,baseline_lenmix_v1,28,512,passed
1785306084.061859,baseline_lenmix_v1,29,1024,passed
1785306084.084745,baseline_lenmix_v1,30,64,passed
1785306084.107205,baseline_lenmix_v1,31,128,passed
1785306084.130646,baseline_lenmix_v1,32,256,passed
1785306084.153673,baseline_lenmix_v1,33,512,passed
1785306084.177142,baseline_lenmix_v1,34,1024,passed
1785306084.199868,baseline_lenmix_v1,35,64,passed
1785306084.223315,baseline_lenmix_v1,36,128,passed
1785306084.247369,baseline_lenmix_v1,37,256,passed
1785306084.270198,baseline_lenmix_v1,38,512,passed
1785306084.293615,baseline_lenmix_v1,39,1024,passed
1785306084.317169,baseline_lenmix_v1,40,64,passed
1785306084.340154,baseline_lenmix_v1,41,128,passed
1785306084.363414,baseline_lenmix_v1,42,256,passed
1785306084.386342,baseline_lenmix_v1,43,512,passed
1785306084.409847,baseline_lenmix_v1,44,1024,passed
1785306084.434088,baseline_lenmix_v1,45,64,passed
1785306084.456677,baseline_lenmix_v1,46,128,passed
1785306084.479409,baseline_lenmix_v1,47,256,passed
1785306084.502800,baseline_lenmix_v1,48,512,passed
1785306084.525522,baseline_lenmix_v1,49,1024,passed
1785306084.550337,baseline_lenmix_v1,50,64,passed
1785306084.573114,baseline_lenmix_v1,51,128,passed
1785306084.597280,baseline_lenmix_v1,52,256,passed
1785306084.619947,baseline_lenmix_v1,53,512,passed
1785306084.643054,baseline_lenmix_v1,54,1024,passed
1785306084.665802,baseline_lenmix_v1,55,64,passed
1785306084.688530,baseline_lenmix_v1,56,128,passed
1785306084.711261,baseline_lenmix_v1,57,256,passed
1785306084.734304,baseline_lenmix_v1,58,512,passed
1785306084.757421,baseline_lenmix_v1,59,1024,passed
1785306084.780165,baseline_lenmix_v1,60,64,passed
1785306084.802948,baseline_lenmix_v1,61,128,passed
1785306084.825427,baseline_lenmix_v1,62,256,passed
1785306084.849114,baseline_lenmix_v1,63,512,passed
1785306084.873605,baseline_lenmix_v1,64,1024,passed
1785306084.896796,baseline_lenmix_v1,65,64,passed
1785306084.919607,baseline_lenmix_v1,66,128,passed
1785306084.942307,baseline_lenmix_v1,67,256,passed
1785306084.965317,baseline_lenmix_v1,68,512,passed
1785306084.988588,baseline_lenmix_v1,69,1024,passed
1785306085.011224,baseline_lenmix_v1,70,64,passed
1785306085.034336,baseline_lenmix_v1,71,128,passed
1785306085.057219,baseline_lenmix_v1,72,256,passed
1785306085.079880,baseline_lenmix_v1,73,512,passed
1785306085.102657,baseline_lenmix_v1,74,1024,passed
1785306085.125425,baseline_lenmix_v1,75,64,passed
1785306085.148220,baseline_lenmix_v1,76,128,passed
1785306085.171324,baseline_lenmix_v1,77,256,passed
1785306085.194538,baseline_lenmix_v1,78,512,passed
1785306085.216948,baseline_lenmix_v1,79,1024,passed
1785306085.239549,baseline_lenmix_v1,80,64,passed
1785306085.262784,baseline_lenmix_v1,81,128,passed
1785306085.286157,baseline_lenmix_v1,82,256,passed
1785306085.308973,baseline_lenmix_v1,83,512,passed
1785306085.331564,baseline_lenmix_v1,84,1024,passed
1785306085.354261,baseline_lenmix_v1,85,64,passed
1785306085.377380,baseline_lenmix_v1,86,128,passed
1785306085.399722,baseline_lenmix_v1,87,256,passed
1785306085.422345,baseline_lenmix_v1,88,512,passed
1785306085.445923,baseline_lenmix_v1,89,1024,passed
1785306085.469012,baseline_lenmix_v1,90,64,passed
1785306085.491419,baseline_lenmix_v1,91,128,passed
1785306085.513976,baseline_lenmix_v1,92,256,passed
1785306085.536482,baseline_lenmix_v1,93,512,passed
1785306085.559630,baseline_lenmix_v1,94,1024,passed
1785306085.582388,baseline_lenmix_v1,95,64,passed
1785306085.604961,baseline_lenmix_v1,96,128,passed
1785306085.627616,baseline_lenmix_v1,97,256,passed
1785306085.650987,baseline_lenmix_v1,98,512,passed
1785306085.673832,baseline_lenmix_v1,99,1024,passed
1785306085.697011,baseline_lenmix_v1,100,64,passed
1785306085.719903,baseline_lenmix_v1,101,128,passed
1785306085.743391,baseline_lenmix_v1,102,256,passed
1785306085.767561,baseline_lenmix_v1,103,512,passed
1785306085.790658,baseline_lenmix_v1,104,1024,passed
1785306085.814444,baseline_lenmix_v1,105,64,passed
1785306085.837505,baseline_lenmix_v1,106,128,passed
1785306085.860442,baseline_lenmix_v1,107,256,passed
1785306085.883713,baseline_lenmix_v1,108,512,passed
1785306085.906758,baseline_lenmix_v1,109,1024,passed
1785306085.930173,baseline_lenmix_v1,110,64,passed
1785306085.953287,baseline_lenmix_v1,111,128,passed
1785306085.976043,baseline_lenmix_v1,112,256,passed
1785306085.999379,baseline_lenmix_v1,113,512,passed
1785306086.022407,baseline_lenmix_v1,114,1024,passed
1785306086.047463,baseline_lenmix_v1,115,64,passed
1785306086.070982,baseline_lenmix_v1,116,128,passed
1785306086.094232,baseline_lenmix_v1,117,256,passed
1785306086.117183,baseline_lenmix_v1,118,512,passed
1785306086.140169,baseline_lenmix_v1,119,1024,passed
1785306086.163202,baseline_lenmix_v1,120,64,passed
1785306086.186509,baseline_lenmix_v1,121,128,passed
1785306086.209358,baseline_lenmix_v1,122,256,passed
1785306086.232649,baseline_lenmix_v1,123,512,passed
1785306086.255761,baseline_lenmix_v1,124,1024,passed
1785306086.279665,baseline_lenmix_v1,125,64,passed
1785306086.302706,baseline_lenmix_v1,126,128,passed
1785306086.325495,baseline_lenmix_v1,127,256,passed
1785306086.348643,baseline_lenmix_v1,128,512,passed
1785306086.371239,baseline_lenmix_v1,129,1024,passed
1785306086.394451,baseline_lenmix_v1,130,64,passed
1785306086.417279,baseline_lenmix_v1,131,128,passed
1785306086.439767,baseline_lenmix_v1,132,256,passed
1785306086.463000,baseline_lenmix_v1,133,512,passed
1785306086.485791,baseline_lenmix_v1,134,1024,passed
1785306086.508326,baseline_lenmix_v1,135,64,passed
1785306086.531898,baseline_lenmix_v1,136,128,passed
1785306086.554636,baseline_lenmix_v1,137,256,passed
1785306086.578804,baseline_lenmix_v1,138,512,passed
1785306086.601846,baseline_lenmix_v1,139,1024,passed
1785306086.624381,baseline_lenmix_v1,140,64,passed
1785306086.647035,baseline_lenmix_v1,141,128,passed
1785306086.669873,baseline_lenmix_v1,142,256,passed
1785306086.692271,baseline_lenmix_v1,143,512,passed
1785306086.714779,baseline_lenmix_v1,144,1024,passed
1785306086.737481,baseline_lenmix_v1,145,64,passed
1785306086.760281,baseline_lenmix_v1,146,128,passed
1785306086.782773,baseline_lenmix_v1,147,256,passed
1785306086.805540,baseline_lenmix_v1,148,512,passed
1785306086.828756,baseline_lenmix_v1,149,1024,passed
1785306086.851468,baseline_lenmix_v1,150,64,passed
1785306086.874439,baseline_lenmix_v1,151,128,passed
1785306086.896724,baseline_lenmix_v1,152,256,passed
1785306086.919924,baseline_lenmix_v1,153,512,passed
1785306086.942299,baseline_lenmix_v1,154,1024,passed
1785306086.965485,baseline_lenmix_v1,155,64,passed
1785306086.988432,baseline_lenmix_v1,156,128,passed
1785306087.011497,baseline_lenmix_v1,157,256,passed
1785306087.033900,baseline_lenmix_v1,158,512,passed
1785306087.056447,baseline_lenmix_v1,159,1024,passed
1785306087.079464,baseline_lenmix_v1,160,64,passed
1785306087.101942,baseline_lenmix_v1,161,128,passed
1785306087.125049,baseline_lenmix_v1,162,256,passed
1785306087.147896,baseline_lenmix_v1,163,512,passed
1785306087.170914,baseline_lenmix_v1,164,1024,passed
1785306087.193665,baseline_lenmix_v1,165,64,passed
1785306087.216429,baseline_lenmix_v1,166,128,passed
1785306087.238806,baseline_lenmix_v1,167,256,passed
1785306087.262195,baseline_lenmix_v1,168,512,passed
1785306087.284765,baseline_lenmix_v1,169,1024,passed
1785306087.307491,baseline_lenmix_v1,170,64,passed
1785306087.329815,baseline_lenmix_v1,171,128,passed
1785306087.352725,baseline_lenmix_v1,172,256,passed
1785306087.376602,baseline_lenmix_v1,173,512,passed
1785306087.399627,baseline_lenmix_v1,174,1024,passed
1785306087.422608,baseline_lenmix_v1,175,64,passed
1785306087.445875,baseline_lenmix_v1,176,128,passed
1785306087.468812,baseline_lenmix_v1,177,256,passed
1785306087.491641,baseline_lenmix_v1,178,512,passed
1785306087.514522,baseline_lenmix_v1,179,1024,passed
1785306087.537278,baseline_lenmix_v1,180,64,passed
1785306087.561035,baseline_lenmix_v1,181,128,passed
1785306087.583679,baseline_lenmix_v1,182,256,passed
1785306087.606425,baseline_lenmix_v1,183,512,passed
1785306087.630219,baseline_lenmix_v1,184,1024,passed
1785306087.652967,baseline_lenmix_v1,185,64,passed
1785306087.675805,baseline_lenmix_v1,186,128,passed
1785306087.698953,baseline_lenmix_v1,187,256,passed
1785306087.722117,baseline_lenmix_v1,188,512,passed
1785306087.746390,baseline_lenmix_v1,189,1024,passed
1785306087.769746,baseline_lenmix_v1,190,64,passed
1785306087.792584,baseline_lenmix_v1,191,128,passed
1785306087.815764,baseline_lenmix_v1,192,256,passed
1785306087.838999,baseline_lenmix_v1,193,512,passed
1785306087.862386,baseline_lenmix_v1,194,1024,passed
1785306087.885456,baseline_lenmix_v1,195,64,passed
1785306087.908069,baseline_lenmix_v1,196,128,passed
1785306087.930846,baseline_lenmix_v1,197,256,passed
1785306087.953649,baseline_lenmix_v1,198,512,passed
1785306087.976927,baseline_lenmix_v1,199,1024,passed
1785306087.999586,baseline_lenmix_v1,200,64,passed
1785306088.022703,baseline_lenmix_v1,201,128,passed
1785306088.045794,baseline_lenmix_v1,202,256,passed
1785306088.068997,baseline_lenmix_v1,203,512,passed
1785306088.093591,baseline_lenmix_v1,204,1024,passed
1785306088.116630,baseline_lenmix_v1,205,64,passed
1785306088.140009,baseline_lenmix_v1,206,128,passed
1785306088.163878,baseline_lenmix_v1,207,256,passed
1785306088.188474,baseline_lenmix_v1,208,512,passed
1785306088.213232,baseline_lenmix_v1,209,1024,passed
1785306088.236466,baseline_lenmix_v1,210,64,passed
1785306088.259235,baseline_lenmix_v1,211,128,passed
1785306088.282468,baseline_lenmix_v1,212,256,passed
1785306088.305796,baseline_lenmix_v1,213,512,passed
1785306088.329119,baseline_lenmix_v1,214,1024,passed
1785306088.352166,baseline_lenmix_v1,215,64,passed
1785306088.374900,baseline_lenmix_v1,216,128,passed
1785306088.398682,baseline_lenmix_v1,217,256,passed
1785306088.421594,baseline_lenmix_v1,218,512,passed
1785306088.445004,baseline_lenmix_v1,219,1024,passed
1785306088.468748,baseline_lenmix_v1,220,64,passed
1785306088.491479,baseline_lenmix_v1,221,128,passed
1785306088.517603,baseline_lenmix_v1,222,256,passed
1785306088.541009,baseline_lenmix_v1,223,512,passed
1785306088.564339,baseline_lenmix_v1,224,1024,passed
1785306088.587164,baseline_lenmix_v1,225,64,passed
1785306088.611015,baseline_lenmix_v1,226,128,passed
1785306088.634468,baseline_lenmix_v1,227,256,passed
1785306088.657919,baseline_lenmix_v1,228,512,passed
1785306088.681978,baseline_lenmix_v1,229,1024,passed
1785306088.706745,baseline_lenmix_v1,230,64,passed
1785306088.730583,baseline_lenmix_v1,231,128,passed
1785306088.754170,baseline_lenmix_v1,232,256,passed
1785306088.778164,baseline_lenmix_v1,233,512,passed
1785306088.800728,baseline_lenmix_v1,234,1024,passed
1785306088.823606,baseline_lenmix_v1,235,64,passed
1785306088.846387,baseline_lenmix_v1,236,128,passed
1785306088.869439,baseline_lenmix_v1,237,256,passed
1785306088.892013,baseline_lenmix_v1,238,512,passed
1785306088.915021,baseline_lenmix_v1,239,1024,passed
1785306088.937737,baseline_lenmix_v1,240,64,passed
1785306088.960737,baseline_lenmix_v1,241,128,passed
1785306088.983923,baseline_lenmix_v1,242,256,passed
1785306089.006959,baseline_lenmix_v1,243,512,passed
1785306089.029639,baseline_lenmix_v1,244,1024,passed
1785306089.052225,baseline_lenmix_v1,245,64,passed
1785306089.075455,baseline_lenmix_v1,246,128,passed
1785306089.098332,baseline_lenmix_v1,247,256,passed
1785306089.122116,baseline_lenmix_v1,248,512,passed
1785306089.145693,baseline_lenmix_v1,249,1024,passed
1785306089.170212,baseline_lenmix_v1,250,64,passed
1785306089.193463,baseline_lenmix_v1,251,128,passed
1785306089.216621,baseline_lenmix_v1,252,256,passed
1785306089.239697,baseline_lenmix_v1,253,512,passed
1785306089.263654,baseline_lenmix_v1,254,1024,passed
1785306089.286772,baseline_lenmix_v1,255,64,passed
